First Name,Last Name,Age
Danielle,Smith,56
Joshua,Reynolds,92
Danny,Jackson,73
Terry,Martin,84
Dwayne,Martin,50
Julian,Elliott,98
Christopher,Hawkins,50
Yvette,Rivera,85
Chad,Johnson,67
Jamie,Wong,51
David,Flores,78
John,Mejia,71
Bailey,Nelson,72
Amy,Erickson,54
Maria,Perry,53
Peter,Little,51
Sheila,Garcia,59
Brianna,Blake,50
Michael,Morris,96
Sheila,Boyd,65
Marcus,Jones,100
Ashley,Ramirez,55
Craig,Brown,94
Christy,Ross,79
Joseph,Perez,100
Kelly,Craig,91
Christy,Hardy,50
Andrea,Mullins,82
Jessica,Porter,50
Brandon,Cook,79
Ryan,Wright,64
James,Roberts,58
Cory,Clark,62
Brittney,Wilson,85
Jill,Walker,92
James,Juarez,80
Caitlin,Arellano,76
Steve,Thomas,66
Jeffrey,Cook,53
Meredith,Brown,55
Tammy,Flowers,90
Melissa,Lynn,97
William,Mcguire,100
Charles,Knight,73
Emily,Young,81
Vincent,Oneill,68
William,Lewis,82
Austin,Henry,76
Paula,Wood,78
Patrick,Martin,56
Cynthia,Brown,92
Michaela,Adams,76
Rebecca,Perry,84
Nathaniel,Ward,71
Sean,Rhodes,89
Lisa,Calderon,65
Anna,Davidson,93
Rachael,Woods,59
Paul,Smith,55
Jennifer,Richards,59
Teresa,Clark,74
Danielle,Scott,97
Michael,Henry,93
Kimberly,Hernandez,78
Michelle,Thomas,65
Jade,Clayton,52
Cory,Marshall,78
Samantha,Mendoza,95
Amber,Davies,63
Savannah,Knight,52
Daniel,Fischer,68
Jill,Bailey,81
Ryan,Henson,81
Patricia,Koch,73
Donna,Miller,73
Diane,Wagner,94
Patrick,Gordon,53
Erin,Smith,60
Robert,Hansen,95
Eric,Wilson,78
Jacob,Anthony,93
Jennifer,Morris,97
Jessica,Gonzalez,84
Brittany,Washington,53
Leon,Clay,67
Mckenzie,Fields,92
Taylor,Gates,89
Eric,Chang,89
Brittany,Ingram,64
Monique,Nguyen,81
Amy,Morris,68
Antonio,Silva,71
Justin,Mullins,56
Allison,Allen,57
Gloria,Walton,52
Ashley,Kelley,56
Kathleen,Oconnor,67
Catherine,Roman,88
Dana,Schmitt,77
William,Torres,52
